{"cameraMode":{"drawMode":0,"name":"Shaded","section":"Shading Mode"},"sceneLighting":true,"audioPlay":false,"sceneViewState":{"showFog":true,"showMaterialUpdate":true,"showSkybox":true,"showFlares":true,"showImageEffects":true,"showParticleSystems":true},"in2DMode":false,"pivot":{"x":-5.291919708251953,"y":6.719447612762451,"z":4.0198655128479},"rotation":{"x":-0.17727278172969819,"y":0.19339317083358766,"z":-0.05578094348311424,"w":-0.9646238088607788},"size":2.433974266052246,"orthographic":false}