{"cameraMode":{"drawMode":0,"name":"Shaded","section":"Shading Mode"},"sceneLighting":true,"audioPlay":false,"sceneViewState":{"showFog":true,"showMaterialUpdate":true,"showSkybox":true,"showFlares":true,"showImageEffects":true,"showParticleSystems":true},"in2DMode":false,"pivot":{"x":-7.421548843383789,"y":7.140561103820801,"z":8.227556228637696},"rotation":{"x":-0.36818361282348635,"y":-0.24143274128437043,"z":0.07084131240844727,"w":-0.8965128064155579},"size":13.95068645477295,"orthographic":false}